[{"inf":"kupivip.ru","temp":"https://otziv.org/goto/?a=kupivip.ru"},{"inf":"vseinstrumenti.ru","temp":"https://otziv.org/goto/?a=vseinstrumenti.ru"},{"inf":"c-store.ru","temp":"https://otziv.org/goto/?a=c-store.ru"},{"inf":"perfekto.ru","temp":"https://otziv.org/goto/?a=perfekto.ru"},{"inf":"bookvoed.ru","temp":"https://otziv.org/goto/?a=bookvoed.ru"},{"inf":"carprice.ru","temp":"https://otziv.org/goto/?a=carprice.ru"},{"inf":"bonprix.ua","temp":"https://otziv.org/goto/?a=bonprix.ua"},{"inf":"ekapusta.com","temp":"https://otziv.org/goto/?a=ekapusta.com"},{"inf":"4slovo.kz","temp":"https://otziv.org/goto/?a=4slovo.kz"},{"inf":"centrzaimov.ru","temp":"https://otziv.org/goto/?a=centrzaimov.ru"},{"inf":"creditcontrol.kz","temp":"https://otziv.org/goto/?a=creditcontrol.kz"},{"inf":"migcredit.ru","temp":"https://otziv.org/goto/?a=migcredit.ru"},{"inf":"zaim-02.ru","temp":"https://otziv.org/goto/?a=zaim-02.ru"},{"inf":"ligadeneg.ru","temp":"https://otziv.org/goto/?a=ligadeneg.ru"},{"inf":"krutilvertel.com","temp":"https://otziv.org/goto/?a=krutilvertel.com"},{"inf":"consul.ru","temp":"https://otziv.org/goto/?a=consul.ru"},{"inf":"zaimer.kz","temp":"https://otziv.org/goto/?a=zaimer.kz"},{"inf":"zaim-express.ru","temp":"https://otziv.org/goto/?a=zaim-express.ru"},{"inf":"ezaem.ru","temp":"https://otziv.org/goto/?a=ezaem.ru"},{"inf":"dozarplati.com","temp":"https://otziv.org/goto/?a=dozarplati.com"},{"inf":"dengisrazy.ru","temp":"https://otziv.org/goto/?a=dengisrazy.ru"},{"inf":"bistrodengi.ru","temp":"https://otziv.org/goto/?a=bistrodengi.ru"},{"inf":"zoloto585.ru","temp":"https://otziv.org/goto/?a=zoloto585.ru"},{"inf":"zaimon.ru","temp":"https://otziv.org/goto/?a=zaimon.ru"},{"inf":"turbomoney.kz","temp":"https://otziv.org/goto/?a=turbomoney.kz"},{"inf":"tomdom.ru","temp":"https://otziv.org/goto/?a=tomdom.ru"},{"inf":"bigam.ru","temp":"https://otziv.org/goto/?a=bigam.ru"},{"inf":"topradar.ru","temp":"https://otziv.org/goto/?a=topradar.ru"},{"inf":"moneyman.ru","temp":"https://otziv.org/goto/?a=moneyman.ru"},{"inf":"bigmag.ua","temp":"https://otziv.org/goto/?a=bigmag.ua"},{"inf":"moneyveo.ua","temp":"https://otziv.org/goto/?a=moneyveo.ua"}]