[{"id":"aliexpress","sessionStorage":[],"localStorage":[],"cookies":{".aliexpress.ru":["aep_common_f","ali_apache_id","intl_locale","AKA_A2","_hvn_login","aep_usuc_t","_m_h5_tk","l","aep_usuc_f","_m_h5_tk_enc","ali_apache_tracktmp","intl_common_forever","aep_history","acs_usuc_t","ali_apache_track","xman_us_t","UM_distinctid","cna","xman_t","xman_f","isg"],".aliexpress.com":["aep_common_f","ali_apache_id","intl_locale","AKA_A2","_hvn_login","aep_usuc_t","_m_h5_tk","l","aep_usuc_f","_m_h5_tk_enc","ali_apache_tracktmp","intl_common_forever","aep_history","acs_usuc_t","ali_apache_track","xman_us_t","UM_distinctid","cna","xman_t","xman_f","isg"],".alibaba.com":["*"],"lighthouse.aliexpress.com":["*"],"lighthouse.aliexpress.ru":["*"]}},{"id":"eldorado.ru","sessionStorage":[],"localStorage":["wish_lists"],"cookies":{".eldorado.ru":["_fbp","PHPSESSID","el_group_user_org","BITRIX_SM_UIDH","AUTH_HASH1","AUTORIZZ","NOAUTOAUTH","BITRIX_SM_LOGIN","BITRIX_SM_SALE_UID","iRegionSectionId","cookieUID","swp_token","cookieUserID"]}},{"id":"kupibilet.ru","sessionStorage":[],"localStorage":[],"cookies":{".kupibilet.ru":["PHPSESSID"]}},{"id":"rozetka.com.ua","sessionStorage":[],"localStorage":["session_json"],"cookies":{".rozetka.com.ua":["analyticsRozetkaClubBonuses","analyticsRozetkaClubStatus","unpaid_invoices","login","p","sid","confirm_email","gautype","uid"]}},{"id":"letu.ru","sessionStorage":[],"localStorage":["ddl:user.everLoggedIn","ddl:_persistedKeys","ddl:user.anonymousId","ddl:user.email","ddl:user.isSubscribed"],"cookies":{".letu.ru":["dd_user.anonymousId","dd__persistedKeys","DYN_USER_ID","JSESSIONID","language","cityDetected","DYN_USER_CONFIRM"]}},{"id":"svyaznoy.ru","sessionStorage":[],"localStorage":["prodCats"],"cookies":{".svyaznoy.ru":["_fbp","ZONE_ID","SHOWCITY","O_CITY_ID","O_ZONE_ALIAS","current-currency","PHPSESSID","total-cart-amount","AUTORIZ","BASKET_HASH","BASKET_COUNT","PHPSESSID","productYouWatched","_csrf","rerf","uxs_uid"]}},{"id":"mvideo.ru","sessionStorage":["ehash","History.store"],"localStorage":["cto_lwid"],"cookies":{".mvideo.ru":["COMPARISON_INDICATOR","JSESSIONID","CACHE_INDICATOR","MVID_GUEST_ID","MVID_CITY_ID","MVID_REGION_ID","MVID_USER_ID","MVID_SHOW_MFS","MVID_SECURITY_TOKEN","bIPs","uxs_uid","userId","KFP_DID","oxxfgh","cto_lwid"]}},{"id":"lamoda.ru","sessionStorage":[],"localStorage":["viewsHistory","LMDAlid","lmd_checkoutType","lamoda-catalog.last"],"cookies":{".lamoda.ru":["sid","wt_geid","lid","LMDA","csrftoken","session_id"]}},{"id":"goods.ru","sessionStorage":["KFP_UA"],"localStorage":["ddl:user.anonymousId","ddl:user.email","KFP_DID"],"cookies":{".goods.ru":["dd__persistedKeys","dd_user.anonymousId","goods_user_token","KFP_DID","PHPSESSID","goodsLoyaltyCardNumber","UBER-TRACE-ID"]}},{"id":"dominospizza.ru","sessionStorage":[],"localStorage":["persist:root"],"cookies":{".dominospizza.ru":["PHPSESSID"]}},{"id":"eldorado.ru","sessionStorage":[],"localStorage":["wish_lists"],"cookies":{".eldorado.ru":["_fbp","PHPSESSID","el_group_user_org","BITRIX_SM_UIDH","AUTH_HASH1","AUTORIZZ","NOAUTOAUTH","BITRIX_SM_LOGIN","BITRIX_SM_SALE_UID","iRegionSectionId","cookieUID","swp_token","cookieUserID"]}},{"id":"svyaznoy.ru","sessionStorage":[],"localStorage":["prodCats"],"cookies":{".svyaznoy.ru":["_fbp","ZONE_ID","SHOWCITY","O_CITY_ID","O_ZONE_ALIAS","current-currency","PHPSESSID","total-cart-amount","AUTORIZ","BASKET_HASH","BASKET_COUNT","PHPSESSID","productYouWatched","_csrf","rerf","uxs_uid"]}},{"id":"mvideo.ru","sessionStorage":["ehash","History.store"],"localStorage":["cto_lwid"],"cookies":{".mvideo.ru":["COMPARISON_INDICATOR","JSESSIONID","CACHE_INDICATOR","MVID_GUEST_ID","MVID_CITY_ID","MVID_REGION_ID","MVID_USER_ID","MVID_SHOW_MFS","MVID_SECURITY_TOKEN","bIPs","uxs_uid","userId","KFP_DID","oxxfgh","cto_lwid"]}},{"id":"tutu.ru","sessionStorage":[],"localStorage":["searchHistory.keyList"],"cookies":{".tutu.ru":["servercookie3__cross_domain","SESSIONID","servercookie3__cross_domain_secured","reference_token"]}},{"id":"lamoda.ru","sessionStorage":[],"localStorage":["viewsHistory","LMDAlid","lmd_checkoutType","lamoda-catalog.last"],"cookies":{".lamoda.ru":["sid","wt_geid","lid","LMDA","csrftoken","session_id"]}},{"id":"iherb.com","sessionStorage":[],"localStorage":[],"cookies":{".iherb.com":["dscid","ihrauthte","iher-pref1","ihr-temse","ihr-session-id1","ihr-ocid1","_derived_epik","__cfduid","__cf_bm","ihr-wel","dtPC","dtSa","dtCookie","authtoken",".iHerbAuth.Cookies",".iHerbAuth.CookiesC1",".iHerbAuth.CookiesC2","transactionIds"],".images-iherb.com":["__cfduid"]}},{"id":"letu.ru","sessionStorage":[],"localStorage":["ddl:user.everLoggedIn","ddl:_persistedKeys","ddl:user.anonymousId","ddl:user.email","ddl:user.isSubscribed"],"cookies":{".letu.ru":["dd_user.anonymousId","dd__persistedKeys","DYN_USER_ID","JSESSIONID","language","cityDetected","DYN_USER_CONFIRM"]}},{"id":"delivery-club.ru","sessionStorage":[],"localStorage":["__zlcstore","ZD-settings","ZD-suid","ZD-buid","ZD-store"],"cookies":{".delivery-club.ru":["PHPSESSID","_delivery_visitor_cookie","auth_check","__zlcmid","visitor_identifier"]}},{"id":"ostrovok.ru","sessionStorage":["_IM:IM_et_intent_parameters"],"localStorage":["__vw_tab_guid"],"cookies":{".ostrovok.ru":["intent_media_prefs","im_puid","im_snid","__ssid","_ctuid","gcdnid","user_language","otaSelectedCurrencyCode","otaSearchFormDestination","otaSearchFormRooms","uid","userid","userlucky","csrftoken","is_auth","sessionid"]}},{"id":"kupivip.ru","sessionStorage":[],"localStorage":[],"cookies":{".kupivip.ru":["scarab.visitor","scarab.profile","kupivipAuth","scarab.mayAdd","UUID","KVIP_UUID","uid"]}},{"id":"litres.ru","sessionStorage":[],"localStorage":["litres.sid.storage","litres.csrf"],"cookies":{".litres.ru":["SID","BSK_LAST","LKS_LAST","__atuvc","__atuvs"]}},{"id":"tele2.ru","sessionStorage":[],"localStorage":["insGUID","paid-products","loggedinUser","ins-today-sId","ocWidget_channelId_type","ocWidget_sessionCode","userIp","ocWidget_auth-login","userDateV","ocWidget_token","addCartCount","ins-cart-product-list","tmr_lvid"],"cookies":{"tele2.ru":["JSESSIONID","language","spUID","know_english","test_guid","ins-gaSSId","total-cart-amount","region","t2-auth"],"tele2.api.useinsider.com":["*"]}},{"id":"vseinstrumenti.ru","sessionStorage":[],"localStorage":["user_stored_email","user","is_p4s_p_push_key_updated"],"cookies":{".vseinstrumenti.ru":["VISESSID","cartToken","rcuid","token","onSiteDuration","logged_user_pwd"]}},{"id":"oldi.ru","sessionStorage":[],"localStorage":["digiLastSearch","mindboxDeviceUUID"],"cookies":{".oldi.ru":["PHPSESSID","OLDI_SM_SALE_UID","OLDI_SM_GEOIP","mindboxDeviceUUID","OLDI_SM_SECTION_0_ID","directCrm-session","OLDI_SM_VISITOR_ID","OLDI_SM_SHOW_PRODUCT[0]","OLDI_SM_UIDL","popmechanic_sbjs_migrations","OLDI_SM_UIDH","OLDI_SM_SOUND_LOGIN_PLAYED","OLDI_SM_BANNERS","ipp_uid","ipp_uid2","_userGUID","ipp_uid1","dSesn","_dvs","BX_USER_ID","user_auth_type"]}},{"id":"goods.ru","sessionStorage":["KFP_UA"],"localStorage":["ddl:user.anonymousId","ddl:user.email","KFP_DID"],"cookies":{".goods.ru":["dd__persistedKeys","dd_user.anonymousId","goods_user_token","KFP_DID","PHPSESSID","goodsLoyaltyCardNumber","UBER-TRACE-ID"]}},{"id":"newbalance.ru","sessionStorage":[],"localStorage":["ddl:user.anonymousId","ddl:user.email","ddl:_persistedKeys"],"cookies":{".newbalance.ru":["NEWBALANCE_BX_LOGIN","NEWBALANCE_BX_SALE_UID","NEWBALANCE_BX_SIZES","NEWBALANCE_BX_SOUND_LOGIN_PLAYED","PHPSESSID","city_id","city_name","BX_USER_ID"]}},{"id":"timberland.ru","sessionStorage":[],"localStorage":["ddl:user.anonymousId","ddl:user.email","ddl:_persistedKeys","ddl:user.everLoggedIn"],"cookies":{".timberland.ru":["BITRIX_SM_USER_LOCATION","PHPSESSID","BITRIX_SM_GUEST_ID","BX_USER_ID","BITRIX_SM_LOGIN","BITRIX_SM_SOUND_LOGIN_PLAYED","BITRIX_SM_PEC","BITRIX_SM_SALE_UID"],"timberland.ru":["BITRIX_SM_USER_LOCATION","PHPSESSID","BITRIX_SM_GUEST_ID","BX_USER_ID","BITRIX_SM_LOGIN","BITRIX_SM_SOUND_LOGIN_PLAYED","BITRIX_SM_PEC","BITRIX_SM_SALE_UID"],".bitrix.info":["bx_user_id"]}},{"id":"c-store.ru","sessionStorage":["Products","Total"],"localStorage":[],"cookies":{".c-store.ru":["rerf","basketHashCstore","basketCountCstore","PHPSESSID_CSTORE","productYouWatched","basketActions","authorized"]}},{"id":"perfekto.ru","sessionStorage":[],"localStorage":[],"cookies":{".perfekto.ru":["PHPSESSID"]}},{"id":"bookvoed.ru","sessionStorage":[],"localStorage":[],"cookies":{".bookvoed.ru":["cart"]}},{"id":"fotostrana.ru","sessionStorage":[],"localStorage":[],"cookies":{".fotostrana.ru":["hw","uid"]}},{"id":"bigam.ru","sessionStorage":[],"localStorage":[],"cookies":{".bigam.ru":["PHPSESSID"]}},{"id":"topradar.ru","sessionStorage":[],"localStorage":[],"cookies":{".topradar.ru":["PHPSESSID"]}},{"id":"tomdom.ru","sessionStorage":[],"localStorage":[],"cookies":{".tomdom.ru":["PHPSESSID"]}},{"id":"carprice.ru","sessionStorage":[],"localStorage":[],"cookies":{".carprice.ru":["PHPSESSID"]}},{"id":"printbar.ru","sessionStorage":[],"localStorage":[],"cookies":{".printbar.ru":["basket"]}},{"id":"bonprix.ua","sessionStorage":[],"localStorage":[],"cookies":{".bonprix.ua":["JSESSIONID","cartid"]}},{"id":"ekapusta.com","sessionStorage":[],"localStorage":[],"cookies":{".ekapusta.com":["PHPSESSID"]}},{"id":"4slovo.kz","sessionStorage":[],"localStorage":[],"cookies":{".4slovo.kz":["PHPSESSID"]}},{"id":"centrzaimov.ru","sessionStorage":[],"localStorage":[],"cookies":{".centrzaimov.ru":["PHPSESSID"]}},{"id":"creditcontrol.kz","sessionStorage":[],"localStorage":[],"cookies":{".creditcontrol.kz":["PHPSESSID"]}},{"id":"migcredit.ru","sessionStorage":[],"localStorage":[],"cookies":{".migcredit.ru":["PHPSESSID"]}},{"id":"zaim-02.ru","sessionStorage":[],"localStorage":[],"cookies":{".zaim-02.ru":["PHPSESSID"]}},{"id":"ligadeneg.ru","sessionStorage":[],"localStorage":[],"cookies":{".ligadeneg.ru":["PHPSESSID"]}},{"id":"krutilvertel.com","sessionStorage":[],"localStorage":[],"cookies":{".krutilvertel.com":["PHPSESSID"]}},{"id":"consul.ru","sessionStorage":[],"localStorage":[],"cookies":{".consul.ru":["PHPSESSID"]}},{"id":"zaimer.kz","sessionStorage":[],"localStorage":[],"cookies":{".zaimer.kz":["PHPSESSID"]}},{"id":"zaim-express.ru","sessionStorage":[],"localStorage":[],"cookies":{".zaim-express.ru":["PHPSESSID"]}},{"id":"ezaem.ru","sessionStorage":[],"localStorage":[],"cookies":{".ezaem.ru":["PHPSESSID"]}},{"id":"dozarplati.com","sessionStorage":[],"localStorage":[],"cookies":{".dozarplati.com":["PHPSESSID"]}},{"id":"dengisrazy.ru","sessionStorage":[],"localStorage":[],"cookies":{".dengisrazy.ru":["PHPSESSID"]}},{"id":"dozarplati.com","sessionStorage":[],"localStorage":[],"cookies":{".dozarplati.com":["PHPSESSID"]}},{"id":"bistrodengi.ru","sessionStorage":[],"localStorage":[],"cookies":{".bistrodengi.ru":["PHPSESSID"]}},{"id":"author24.ru","sessionStorage":[],"localStorage":[],"cookies":{".author24.ru":["PHPSESSID"]}},{"id":"moneyman.ru","sessionStorage":[],"localStorage":[],"cookies":{".moneyman.ru":["PHPSESSID"]}},{"id":"bigmag.ua","sessionStorage":[],"localStorage":[],"cookies":{".bigmag.ua":["PHPSESSID"]}},{"id":"moneyveo.ua","sessionStorage":[],"localStorage":[],"cookies":{".moneyveo.ua":["PHPSESSID"]}},{"id":"zoloto585.ru","sessionStorage":[],"localStorage":[],"cookies":{".zoloto585.ru":["PHPSESSID"]}},{"id":"zaimon.ru","sessionStorage":[],"localStorage":[],"cookies":{".zaimon.ru":["PHPSESSID"]}},{"id":"turbomoney.kz","sessionStorage":[],"localStorage":[],"cookies":{".turbomoney.kz":["PHPSESSID"]}},{"id":"dominospizza.ru","sessionStorage":[],"localStorage":["persist:root"],"cookies":{".dominospizza.ru":["PHPSESSID"]}},{"id":"kupibilet.ru","sessionStorage":[],"localStorage":[],"cookies":{".kupibilet.ru":["PHPSESSID"]}},{"id":"globalWhiteList","cookies":{".google.com":["APISID","SIDCC","SAPISID","NID","SID","HSID","SSID"],".google.ru":["*"],".facebook.com":["*"],".yandex.ru":["yandex_login","Session_id"],".mail.ru":["p","VID","c","mrcu","act","Mpop","b"],".youtube.com":["*"],".vk.com":["*"],".twitter.com":["*"]}}]